{
  "project_info": {
    "project_number": "820814686338",
    "project_id": "bbddpatatas",
    "storage_bucket": "bbddpatatas.appspot.com"
  },
  "client": [
    {
      "client_info": {
        "mobilesdk_app_id": "1:820814686338:android:227d764a5d87ca23b66c9b",
        "android_client_info": {
          "package_name": "com.elorrieta.pruebasfirebase"
        }
      },
      "oauth_client": [],
      "api_key": [
        {
          "current_key": "AIzaSyAtK-MqvQ4NQ4PNIoZwBHkX7h317EHkEHc"
        }
      ],
      "services": {
        "appinvite_service": {
          "other_platform_oauth_client": []
        }
      }
    }
  ],
  "configuration_version": "1"
}