{
  "project_info": {
    "project_number": "868211675839",
    "project_id": "empresa-elorrieta-firebase",
    "storage_bucket": "empresa-elorrieta-firebase.firebasestorage.app"
  },
  "client": [
    {
      "client_info": {
        "mobilesdk_app_id": "1:868211675839:android:46d19fe9dbb07925de2c0a",
        "android_client_info": {
          "package_name": "es.elorrieta.app.firebaseempresas"
        }
      },
      "oauth_client": [],
      "api_key": [
        {
          "current_key": "AIzaSyCx2pQUa8DXLgqQ0CJwjcZy3nzC4z7VltA"
        }
      ],
      "services": {
        "appinvite_service": {
          "other_platform_oauth_client": []
        }
      }
    }
  ],
  "configuration_version": "1"
}